"Year numeric","Year categorical",Region,Gender,Age,"Age categorical",Country,"New Zealand European",Maori,Samoan,"Cook Islands Maori",Tongan,Niuean,Chinese,Indian,"Other ethnicity","Languages spoken",Jeans,Hats,"Wearing a watch","Watch type","Eye Colour",Handedness,Height,"Left foot length","Right foot length","Left wrist circumference","Left thumb circumference","Travel method to school","Travel time to school","Bag weight","Memory time","Reaction time","Time standing on left leg","Screen time after school","Own cell phone",Facebook,Instagram,Twitter,TikTok,Snapchat,Reddit,Discord,Roblox,Minecraft,Fortnite,"YouTube (to watch videos)","YouTube (to upload videos)","Technology - None of these","Screen time opinion - On your phone","Screen time opinion - On social media","Screen time opinion - Playing video games",TV,Radio,"Print publications (newspapers/magazines)","News websites or apps","Social media like YouTube, Facebook, Twitter, or Instagram","Search through Google or other search engines",Podcasts,"Bed time","Wake time","Sleep time","Favourite animated movie","Feeling about learning at home vs school","Climate change opinion","Feeling about future","Feeling included at school","Age considered an adult","Legal age: Drive","Legal age: Vote","Legal age: Buy alcohol","Legal age: Vape","Hours of paid work in last week","Biggest worry at school","Biggest worry outside of school","Biggest hope for the next year","New survey question"
9,"Year 09",Taranaki,,13,"Age 13","New Zealand",yes,yes,no,no,no,no,no,no,,1,3,11,yes,smart,green,left,168,25.0,24.0,16.0,6.0,bike,25,5.3,40,0.44,78,0.5000,yes,no,yes,no,yes,yes,no,no,no,no,no,no,no,no,aboutright,aboutright,toolittle,sometimes,rarely,often,often,sometimes,sometimes,never,23:30:00,06:00:00,6.5000,"Don't have one",muchbetter,urgent,verypositive,always,,,,,,,"Not being extended","Time management","Get scholarship for running","Do you identify as part of the lgbt community?"
8,"Year 08",Auckland,Female,12,"Age 12","New Zealand",yes,no,no,no,no,no,no,no,,1,3,13,no,n/a,blue,left,164,27.0,27.0,,,walk,27,3.5,73,0.476,29,1.2500,yes,no,no,no,no,no,no,no,no,no,no,yes,no,no,toomuch,toolittle,toolittle,often,sometimes,never,never,often,never,never,20:30:00,07:00:00,10.5000,"Don't have one",muchworse,dontknow,neutral,always,,,,,,,"Breaking my other arm","Breaking my other arm","not breaking my other arm","how many t shirts do you own"
6,"Year 06",Nelson,Female,11,"Age 11","New Zealand",yes,no,no,no,no,no,no,no,,2,,7,yes,digitalanalog,grey,right,,27.3,27.3,11.0,4.0,scooter,5,5.0,70,0.656,12,0.5000,no,no,no,no,no,no,no,no,no,no,no,yes,no,no,toolittle,toolittle,toolittle,never,sometimes,never,never,rarely,never,rarely,20:30:00,07:00:00,10.5000,"Don't have one",aboutthesame,urgent,positive,always,,,,,,,"not getting the work done on time","i dont have one","to finish a book i have been writing","if you could pick what would you do go to school or watch tv at home"
8,"Year 08",Waikato,Female,13,"Age 13","New Zealand",yes,yes,no,no,no,no,no,no,,2,6,1,no,n/a,brown,right,173,24.0,24.0,15.0,7.0,walk,3,5.0,44,0.558,24,,yes,no,yes,no,yes,yes,no,no,yes,no,no,yes,no,no,aboutright,toomuch,toolittle,rarely,never,never,sometimes,often,rarely,rarely,12:00:00,07:00:00,19.0000,"How to Train Your Dragon 2",muchbetter,future,neutral,sometimes,,,,,,,"speaking in fornt of everyone and reading or getting called up.",people,"ill make more friends",
7,"Year 07",Canterbury,Male,12,"Age 12","New Zealand",yes,no,no,no,no,no,no,no,,1,0,11,no,n/a,blue,right,156,23.6,23.8,14.9,7.5,motor,4,3.0,47,1.419,11,1.7500,yes,no,no,no,yes,no,no,no,yes,no,no,yes,no,no,aboutright,aboutright,aboutright,often,sometimes,never,rarely,sometimes,never,never,23:00:00,07:00:00,8.0000,"Toy Story 2",aboutthesame,future,verypositive,veryoften,,,,,,,"school work.",Homework.,"To have my friend in my class.","How are you doing with schoolwork?"
8,"Year 08",Auckland,Female,12,"Age 12","South Africa",no,no,no,no,no,no,no,no,"South African",2,6,5,no,n/a,green,right,163,27.0,27.0,15.0,6.0,motor,,3.0,48,0.496,23,8.7500,yes,no,yes,no,yes,yes,no,no,no,yes,no,yes,no,no,toomuch,toomuch,aboutright,rarely,sometimes,never,never,sometimes,never,never,22:30:00,07:00:00,8.5000,"Don't have one",worse,urgent,neutral,sometimes,,,,,,,"Getting bullied, math, teachers","Dying, losing somthing.","Getting a good boyfriend, being happy at my new highschool","Are you happy with your life?"
9,"Year 09",Canterbury,Female,12,"Age 12","New Zealand",yes,no,no,no,no,no,no,no,,2,5,4,no,n/a,green,right,167,24.0,24.3,16.5,5.0,motor,5,6.0,39,,11,,yes,no,yes,yes,no,no,no,yes,no,yes,no,yes,no,no,toolittle,aboutright,toolittle,rarely,rarely,never,sometimes,sometimes,often,rarely,01:30:00,06:30:00,5.0000,,aboutthesame,dontknow,negative,rarely,,,,,,,"to be left alone","battery charge","to get a PC","What is your favorite color?"
7,"Year 07",Auckland,Male,11,"Age 11",England,no,no,no,no,no,no,no,no,British,2,4,7,yes,smart,hazel,left,160,25.2,25.6,17.0,7.3,bike,20,1.5,67,1.619,16,3.7500,yes,no,yes,no,no,no,yes,no,no,no,yes,yes,no,no,aboutright,aboutright,aboutright,rarely,rarely,rarely,sometimes,often,sometimes,sometimes,21:30:00,05:30:00,8.0000,"The Many Adventures of Winnie the Pooh",aboutthesame,urgent,negative,rarely,,,,,,,"will people like me for me",,"i will get more friends","do you get worried about life often?"
7,"Year 07",Northland,Female,9,"Age 09","New Zealand",no,yes,no,no,no,no,no,no,,2,,5,yes,digitalanalog,brown,right,155,22.0,22.3,16.0,,bus,17,,52,1.5,45,3.7500,yes,no,yes,yes,yes,yes,yes,no,no,yes,yes,yes,yes,no,aboutright,toomuch,toolittle,sometimes,rarely,sometimes,sometimes,often,often,rarely,21:30:00,07:00:00,9.5000,"A Whisker Away",aboutthesame,future,neutral,veryoften,,,,,,,"Getting in a fight.",,"My fav cousin starts.","whats your fav colour"
10,"Year 10",Auckland,Male,15,"Age 15","New Zealand",no,no,no,no,yes,no,no,no,,2,0,0,no,n/a,brown,right,,13.0,13.0,21.0,7.0,walk,2,4.0,42,0.382,60,8.2500,no,no,no,yes,yes,no,no,yes,no,no,no,yes,no,no,aboutright,aboutright,toolittle,often,never,never,never,sometimes,never,never,22:00:00,07:30:00,9.5000,Coraline,worse,notaproblem,positive,rarely,,,,,,,"NCEA exam",life,"study hard","is life easy for you"
9,"Year 09",Wellington,Female,13,"Age 13","New Zealand",yes,no,no,no,no,no,no,no,,1,3,10,yes,smart,hazel,right,160,24.5,24.0,14.0,6.0,bus,27,7.4,36,0.469,28,1.5000,yes,no,yes,no,yes,yes,no,no,no,no,no,no,no,no,aboutright,aboutright,toolittle,often,often,sometimes,sometimes,sometimes,often,rarely,20:30:00,06:00:00,9.5000,"Don't have one",better,urgent,positive,sometimes,,,,,,,"Not getting good grades,",,"To get all excellences and get a babysitting job so I can earn MONEY","On a scale of 1-10, how much do you enjoy school?"
9,"Year 09",Otago,Male,13,"Age 13","New Zealand",yes,no,no,no,no,no,no,no,,1,0,3,yes,digital,blue,right,162,24.0,24.0,15.5,6.5,walk,,,61,2.327,61,2.7500,yes,yes,yes,no,yes,yes,no,no,no,no,no,no,no,no,aboutright,aboutright,aboutright,rarely,rarely,rarely,rarely,often,sometimes,never,22:00:00,07:30:00,9.5000,"Don't have one",worse,future,neutral,veryoften,,,,,,,idk,idk,idk,idk
9,"Year 09",Northland,Female,13,"Age 13","New Zealand",yes,no,no,no,no,no,no,no,Scottish,1,2,6,yes,digital,hazel,left,153,23.0,23.0,15.0,7.0,motor,3,4.3,45,0.476,58,1.0000,yes,no,no,no,no,no,no,no,no,no,no,no,no,no,toolittle,toolittle,toolittle,rarely,rarely,never,rarely,never,sometimes,rarely,20:00:00,07:00:00,11.0000,"Don't have one",better,urgent,positive,veryoften,,,,,,,"Not finishing things at a good enough standard","not being good enough for sports games","getting into U16s girls football","do you like school?"
10,"Year 10",Wellington,Female,15,"Age 15","New Zealand",yes,no,no,no,no,no,no,no,,1,4,3,no,n/a,blue,right,166,22.5,22.0,16.0,5.5,bus,30,4.9,45,0.448,27,6.2500,yes,no,yes,no,yes,yes,no,no,no,no,yes,yes,no,no,toomuch,toomuch,toolittle,rarely,never,never,never,often,sometimes,never,21:00:00,07:30:00,10.5000,Cars,better,dontknow,neutral,sometimes,,,,,,,,,"Pass NCEA",
8,"Year 08",Canterbury,Male,12,"Age 12","New Zealand",yes,no,no,no,no,no,no,no,,1,2,69,no,n/a,blue,right,162,25.0,25.0,,,bus,10,6.0,44,0.497,123,2.0000,yes,no,no,no,yes,no,no,yes,yes,no,no,yes,no,no,toomuch,aboutright,toomuch,never,never,never,never,never,never,never,19:30:00,06:00:00,10.5000,"The Boss Baby",muchbetter,urgent,verypositive,always,,,,,,,,,"To game more","whats ur fav game :D"
7,"Year 07",Auckland,Female,11,"Age 11","New Zealand",yes,no,no,no,no,no,no,no,,1,4,8,yes,digital,blue,right,163,24.0,25.7,15.0,6.5,motor,9,4.7,41,0.444,15,7.7500,yes,no,yes,no,no,yes,no,no,yes,yes,no,yes,no,no,toomuch,aboutright,toomuch,rarely,never,never,sometimes,often,sometimes,never,23:00:00,07:00:00,8.0000,"Demon Slayer: Kimetsu no Yaiba the Movie: Mugen Train",muchworse,dontknow,negative,veryoften,,,,,,,"Losing Friends, and being though lowly of.","Not having any social interactions, as in being rather lonely and not being able to see friends","To get better in things that I struggle on at the moment.","How have you been throughout the year with misfortunes or enjoyed moments?"
11,"Year 11",Wellington,Male,15,"Age 15","New Zealand",yes,no,no,no,no,no,no,no,"South African",2,0,7,no,n/a,hazel,right,180,27.7,27.8,19.0,7.0,walk,5,4.6,35,0.433,20,3.0000,yes,no,yes,no,yes,yes,no,no,no,yes,yes,yes,no,no,aboutright,aboutright,aboutright,rarely,rarely,never,rarely,sometimes,rarely,never,23:00:00,08:30:00,9.5000,"Don't have one",aboutthesame,dontknow,positive,sometimes,18,15,18,18,30,0,"not passing","not sure","to score a century","do you do any sports?"
5,"Year 05",Southland,Female,9,"Age 09","New Zealand",yes,no,no,no,no,no,no,no,,1,10,5,no,n/a,blue,right,129,17.0,17.0,12.0,4.0,motor,5,1.0,113,0.933,4,1.0000,no,no,no,no,yes,no,no,no,no,yes,no,yes,no,no,toomuch,toolittle,toomuch,never,never,never,never,never,rarely,never,21:00:00,07:00:00,10.0000,"Peter Rabbit",muchbetter,urgent,verypositive,always,,,,,,,"i don't really know",,"being a good year 6","What do they do after school"
6,"Year 06",Marlborough,Female,10,"Age 10","New Zealand",yes,no,no,no,no,no,no,no,,1,2,5,yes,smart,brown,right,153,20.0,20.0,17.0,7.0,motor,15,3.0,46,0.775,28,2.0000,no,no,no,no,no,yes,no,no,no,no,no,no,no,no,toolittle,toolittle,aboutright,rarely,never,never,never,never,sometimes,never,20:30:00,07:00:00,10.5000,"The Simpsons Movie",muchbetter,dontknow,positive,veryoften,,,,,,,,"i dont have one","NO COVID!!!!",
12,"Year 12",Auckland,Male,16,"Age 16","New Zealand",yes,no,no,no,no,no,yes,no,,2,5,7,yes,smart,brown,right,175,28.0,28.0,10.0,2.0,motor,10,5.4,27,0.461,60,2.0000,yes,no,yes,no,yes,yes,no,no,no,no,no,no,no,no,aboutright,aboutright,aboutright,sometimes,rarely,rarely,rarely,often,rarely,rarely,23:30:00,06:30:00,7.0000,"Hotel Transylvania 2",worse,urgent,positive,always,18,14,15,10,10,14,"not passing","getting mugged","Getting into accounting",
9,"Year 09",Manawatu-Wanganui,Male,13,"Age 13",Brazil,no,no,no,no,no,no,no,no,Portuguese,3,0,7,no,n/a,brown,right,162,25.0,25.0,,7.0,bike,20,1.6,55,0.385,58,3.5000,no,no,no,no,no,no,no,no,yes,no,no,yes,no,no,toomuch,aboutright,aboutright,,,,,often,often,,23:00:00,07:30:00,8.5000,"Toy Story 2",muchworse,dontknow,verypositive,veryoften,,,,,,,"Don't have one","Don't have one","to get good scores","Don't have one"
9,"Year 09",Auckland,Male,13,"Age 13",Philippines,yes,no,no,no,no,no,no,no,,1,1,0,no,n/a,brown,right,150,11.0,10.5,18.0,8.0,motor,30,1.0,45,0.343,9,5.0000,yes,no,yes,no,yes,no,no,yes,no,no,no,yes,no,no,toomuch,aboutright,toomuch,rarely,never,never,never,sometimes,rarely,never,01:30:00,09:30:00,8.0000,"Don't have one",worse,future,neutral,sometimes,,,,,,,"how much work you need to finish",covid,"to not go into lockdown","are you finishing work in lockdown?"
11,"Year 11",Canterbury,Male,16,"Age 16","New Zealand",yes,no,no,no,no,no,no,no,,1,1,10,no,n/a,blue,right,,12.7,12.7,13.0,,walk,5,0.5,94,,5,5.2500,yes,yes,yes,yes,yes,yes,no,no,no,yes,yes,yes,yes,no,aboutright,aboutright,aboutright,rarely,rarely,rarely,rarely,sometimes,sometimes,never,23:00:00,08:00:00,9.0000,"Don't have one",muchbetter,future,neutral,veryoften,18,16,18,17,16,10,,,rugby,
9,"Year 09",Auckland,Female,12,"Age 12",Malaysia,no,no,no,no,no,no,no,no,Burmese,2,6,0,no,n/a,brown,right,157,23.0,22.0,15.0,6.0,motor,15,6.0,32,0.486,51,1.0000,yes,no,no,no,yes,yes,no,no,yes,no,no,no,no,no,toomuch,aboutright,aboutright,never,never,rarely,often,never,sometimes,never,24:00:00,07:00:00,7.0000,,worse,urgent,neutral,sometimes,,,,,,,"Not learning anything",,"Do better then last year","Why do you Judge or look weridly at other religons people?"
10,"Year 10",Auckland,Female,15,"Age 15","New Zealand",yes,no,no,no,no,no,no,no,,1,4,8,no,n/a,green,right,167,24.3,23.3,16.1,6.6,bus,23,7.4,42,0.523,1,2.5000,yes,no,yes,no,yes,yes,no,no,no,no,no,no,no,no,aboutright,aboutright,toolittle,sometimes,sometimes,never,sometimes,often,rarely,never,01:00:00,06:30:00,5.5000,"The Simpsons Movie",worse,urgent,neutral,veryoften,,,,,,,Teachers,dying,"getting a job",
10,"Year 10",Wellington,Female,15,"Age 15","New Zealand",yes,yes,no,no,no,no,no,no,,1,2,1,no,n/a,brown,left,170,23.0,23.0,16.0,6.0,train,40,,54,0.464,35,5.0000,yes,no,yes,no,no,no,no,no,no,no,no,yes,no,no,aboutright,aboutright,aboutright,sometimes,never,never,rarely,often,often,never,22:30:00,06:30:00,8.0000,"Spider-Man: Into the Spider-Verse",muchbetter,urgent,positive,veryoften,,,,,,,"Handing in and finishing assessments to the highest standard I can.","Maybe where my cat is when it is raining.","To do well academically.",
8,"Year 08","Hawkes Bay",Female,13,"Age 13","New Zealand",no,yes,no,no,no,no,no,no,,3,21,5,no,n/a,brown,ambi,175,29.0,26.0,,6.3,motor,5,3.0,50,0.626,6,,no,no,yes,no,yes,yes,no,no,yes,no,yes,yes,no,no,toomuch,toomuch,aboutright,never,never,never,never,rarely,never,never,15:30:00,05:30:00,14.0000,"Don't have one",muchworse,urgent,positive,sometimes,,,,,,,"going into lockdown","being alone","Is going to play paintball with my family and friends","If u could change anything now what would u change?"
13,"Year 13","Bay of Plenty",Male,17,"Age 17","New Zealand",yes,yes,no,no,no,no,no,no,,1,2,5,no,n/a,brown,right,190,29.0,29.0,17.5,6.0,bus,20,5.0,34,0.356,61,4.2500,yes,yes,yes,no,yes,yes,yes,yes,yes,no,yes,yes,no,no,toomuch,toolittle,toomuch,never,rarely,never,rarely,often,sometimes,never,01:30:00,07:30:00,6.0000,"Don't have one",aboutthesame,urgent,negative,sometimes,21,16,18,18,16,0,"becoming disabled or cripled.","becoming disabled or cripled.","To have the means and motivation to chase and achieve my goals.",
8,"Year 08",Canterbury,Male,12,"Age 12","New Zealand",yes,yes,no,no,no,no,no,no,,1,10,4,no,n/a,blue,right,155,24.0,25.0,15.0,6.5,bus,30,2.6,48,0.462,37,1.5000,no,no,no,no,yes,no,no,no,no,yes,yes,yes,yes,no,toolittle,toolittle,aboutright,sometimes,rarely,never,sometimes,often,rarely,never,20:00:00,06:30:00,10.5000,"Don't have one",muchbetter,dontknow,positive,always,,,,,,,nothing,"not making enough money","making it to first 15","Do you like sport."
9,"Year 09",Auckland,Female,14,"Age 14",Philippines,no,no,no,no,no,no,no,no,Filipino,1,4,3,no,n/a,brown,right,150,23.0,23.0,14.0,6.0,motor,30,6.2,42,0.472,344,7.2500,yes,no,yes,no,no,no,no,yes,no,no,no,yes,no,no,toomuch,toolittle,toolittle,never,rarely,never,sometimes,sometimes,never,never,12:30:00,06:00:00,17.5000,"A Silent Voice",aboutthesame,dontknow,neutral,veryoften,,,,,,,grades,homework,"Fun time","How much time do you relax in a day?"
10,"Year 10",Wellington,Female,14,"Age 14",Australia,yes,no,no,no,no,no,no,no,,1,2,4,no,n/a,brown,right,166,24.0,23.6,15.0,5.3,bus,30,6.5,36,0.429,88,5.0000,yes,no,yes,no,no,no,no,no,no,yes,no,yes,no,no,aboutright,aboutright,aboutright,rarely,often,never,sometimes,often,often,sometimes,23:30:00,06:00:00,6.5000,"Kiki's Delivery Service",muchbetter,urgent,negative,sometimes,,,,,,,"getting things finished at time","handling all of my afterschool activities and burnout","keeping up with my subjects cause Iâ€™m not very good this year","how many activities do you do outside of school?"
7,"Year 07",Auckland,Female,11,"Age 11","New Zealand",yes,yes,no,no,no,no,no,no,,1,3,4,no,n/a,hazel,right,156,24.5,25.0,15.0,5.0,walk,30,2.0,48,0.479,32,3.2500,yes,no,no,no,yes,no,no,no,yes,yes,no,yes,no,no,toomuch,aboutright,aboutright,sometimes,sometimes,often,sometimes,sometimes,often,never,24:00:00,07:00:00,7.0000,"The Mitchells vs. the Machines",aboutthesame,urgent,verynegative,veryoften,,,,,,,failing,"Being lonely and unloved","Not being like 2020 and no more covid","Is our world dying?"
10,"Year 10",Taranaki,Male,15,"Age 15","New Zealand",yes,no,no,no,no,no,no,no,,1,0,4,no,n/a,blue,right,170,25.5,24.0,16.5,6.4,motor,1,5.0,58,0.402,70,5.5000,yes,no,yes,yes,yes,yes,no,yes,yes,no,yes,yes,no,no,aboutright,aboutright,aboutright,sometimes,rarely,rarely,sometimes,sometimes,sometimes,never,22:30:00,08:00:00,9.5000,"The Lego Batman Movie",better,future,neutral,veryoften,,,,,,,"Homework (not that I get much of it)","I don't have any","getting a job or something",
4,"Year 04",Auckland,Female,9,"Age 09","New Zealand",yes,no,no,no,no,no,no,no,,1,2,2,no,n/a,brown,right,134,21.0,21.0,16.0,7.0,motor,13,5.4,42,0.567,10,1.5000,no,no,no,no,no,no,no,no,yes,yes,no,yes,no,no,toolittle,toolittle,aboutright,often,often,never,rarely,never,rarely,never,20:00:00,06:00:00,10.0000,Frozen,better,dontknow,verypositive,sometimes,,,,,,,nothing,"Falling over","get a certain teacher",nothing
8,"Year 08",Auckland,Female,12,"Age 12","New Zealand",yes,yes,no,no,no,no,no,no,,1,3,6,no,n/a,blue,right,123,23.0,22.0,16.0,6.0,bus,,4.2,49,0.478,55,5.0000,yes,no,yes,no,no,no,no,no,yes,no,no,yes,no,no,aboutright,aboutright,aboutright,sometimes,never,rarely,rarely,sometimes,never,rarely,22:00:00,06:00:00,8.0000,"Tom and Jerry: Back to Oz",worse,future,neutral,sometimes,,,,,,,"people not liking me","breaking my devices","I go to rangi with my BFFs","what is your favorite subject?"
10,"Year 10",Taranaki,Male,14,"Age 14","New Zealand",yes,no,no,no,no,no,no,no,,1,4,1,no,n/a,hazel,right,180,28.0,28.0,16.0,6.0,motor,20,3.1,41,0.486,20,,yes,no,yes,no,yes,yes,no,no,no,no,no,yes,no,no,toomuch,toomuch,toolittle,rarely,rarely,rarely,rarely,often,sometimes,rarely,14:30:00,07:30:00,17.0000,"Don't have one",aboutthesame,dontknow,positive,veryoften,,,,,,,"not passing","im not sure",,"i dont know"
9,"Year 09",Canterbury,Female,13,"Age 13","New Zealand",yes,no,no,no,no,no,no,no,,1,2,6,no,n/a,brown,right,171,26.0,25.0,17.0,6.0,motor,20,4.5,35,0.484,13,2.0000,yes,yes,yes,no,yes,yes,no,no,no,no,no,no,no,no,aboutright,aboutright,toolittle,rarely,often,never,sometimes,often,never,rarely,21:30:00,06:30:00,9.0000,Encanto,worse,urgent,neutral,veryoften,,,,,,,"embarrassing myself","Don't know","Don't know","what your favourite subject"
6,"Year 06",Wellington,,10,"Age 10","New Zealand",yes,no,no,no,no,no,no,no,Korean,2,6,3,yes,smart,brown,right,133,19.5,20.0,11.0,5.5,motor,4,1.0,72,0.557,330,0.5000,no,no,no,no,no,no,no,yes,no,no,no,yes,no,yes,toomuch,toomuch,toomuch,rarely,never,never,rarely,often,often,never,22:30:00,06:00:00,7.5000,"Don't have one",aboutthesame,future,neutral,rarely,,,,,,,Someone,"no anime for a month","darling in the franxx season two (plzzz)(i need it)",
10,"Year 10",Wellington,Female,13,"Age 13","New Zealand",yes,no,no,no,no,no,no,no,,1,2,3,no,n/a,blue,right,162,30.0,30.0,10.0,3.0,walk,1,5.0,32,0.506,199,7.5000,yes,no,yes,yes,yes,yes,no,yes,no,yes,no,yes,no,no,aboutright,toomuch,aboutright,rarely,never,rarely,sometimes,often,often,never,01:00:00,07:00:00,6.0000,Ratatouille,better,urgent,verynegative,sometimes,,,,,,,"social things",family,"to not be alone ig","What is your favourite non animated movie"
9,"Year 09",Canterbury,Male,13,"Age 13","New Zealand",yes,no,no,no,no,no,no,no,,1,3,5,yes,digitalanalog,brown,right,156,27.0,27.0,,7.0,bike,10,5.0,86,0.46,312,3.7500,yes,no,no,no,no,no,no,no,yes,yes,no,yes,no,no,aboutright,toolittle,aboutright,sometimes,sometimes,never,often,sometimes,often,rarely,20:30:00,07:00:00,10.5000,"Don't have one",aboutthesame,urgent,positive,always,,,,,,,"getting to class on time",COVID-19,"knowing where all of my classes are.",
10,"Year 10",Canterbury,Male,14,"Age 14","New Zealand",yes,no,no,no,no,no,no,no,,1,1,8,no,n/a,green,right,169,27.0,27.0,16.5,7.0,motor,4,2.0,71,1.728,62,2.7500,yes,yes,yes,no,yes,yes,no,no,no,no,no,yes,no,no,toomuch,aboutright,aboutright,never,never,never,never,sometimes,never,never,23:30:00,07:00:00,7.5000,"Kung Fu Panda",better,urgent,neutral,never,,,,,,,"not passing any test",dying,"have a bit off money saved up in my bank","Are you happy?"
9,"Year 09",Auckland,Female,13,"Age 13","New Zealand",no,yes,no,yes,no,no,no,no,,4,2,5,no,n/a,brown,right,160,24.6,24.6,17.5,2.5,walk,5,6.8,35,0.526,180,6.7500,yes,no,yes,yes,yes,no,yes,yes,no,yes,no,yes,no,no,toomuch,toomuch,aboutright,sometimes,rarely,never,often,often,rarely,never,12:00:00,06:00:00,18.0000,"Don't have one",muchbetter,urgent,verynegative,never,,,,,,,"talking to teachers","Talking to people","to be a boy","do you like milk bread"
11,"Year 11",Canterbury,Female,15,"Age 15",Philippines,no,no,no,no,no,no,no,no,Filipino,2,5,10,no,n/a,brown,right,152,23.0,23.0,14.0,5.0,motor,35,1.0,30,0.682,147,7.0000,yes,yes,yes,yes,yes,yes,no,yes,yes,no,no,yes,no,no,toomuch,toomuch,aboutright,sometimes,never,,rarely,often,often,never,22:00:00,06:30:00,8.5000,"My Hero Academia the Movie: The Two Heroes",worse,urgent,neutral,always,21,17,18,18,16,,nothing,nothing,nothing,idk
10,"Year 10",Auckland,Female,14,"Age 14",Australia,yes,no,no,no,no,no,no,no,,1,3,6,no,n/a,green,right,169,23.0,24.0,20.0,6.5,bus,15,5.0,49,0.403,19,4.5000,no,no,yes,no,yes,no,no,yes,no,no,no,no,no,no,toomuch,toolittle,toolittle,never,never,never,never,rarely,never,never,21:00:00,05:30:00,8.5000,"Howl's Moving Castle",muchbetter,urgent,negative,sometimes,,,,,,,Math,,"that ill pass ncea lvl 1","Whats your favourite movie/book Genre"
8,"Year 08",Canterbury,Female,12,"Age 12","New Zealand",yes,no,no,no,no,no,no,no,,1,4,7,yes,smart,green,right,157,23.7,23.5,15.0,6.0,scooter,2,4.0,49,0.463,15,1.5000,yes,no,no,no,no,no,no,no,no,yes,no,yes,no,no,aboutright,toolittle,toolittle,sometimes,often,sometimes,rarely,rarely,rarely,sometimes,21:30:00,07:30:00,10.0000,"Don't have one",aboutthesame,urgent,neutral,veryoften,,,,,,,"people not liking me!","not sure","Doing the things i want to do","whats your zodiac sign?"
9,"Year 09",Otago,Male,13,"Age 13","New Zealand",yes,no,no,no,no,no,no,no,,1,1,7,yes,digital,green,right,164,26.0,26.0,18.0,7.5,bike,15,4.3,62,0.471,45,2.2500,yes,no,no,no,no,no,no,yes,no,no,no,no,no,no,toomuch,toomuch,aboutright,rarely,rarely,sometimes,rarely,often,,never,21:30:00,06:00:00,8.5000,"Don't have one",muchworse,urgent,negative,sometimes,,,,,,,"that i am not smart enough to be in the class that i am in","that i spend too much time on a scree","i am not injured",
7,"Year 07",Auckland,Female,11,"Age 11","New Zealand",yes,no,no,no,no,no,no,no,,1,1,4,yes,digital,hazel,right,149,22.0,20.0,,2.0,bus,35,3.5,55,0.494,68,0.2500,yes,no,no,no,no,yes,no,no,yes,no,no,yes,no,no,aboutright,aboutright,toolittle,sometimes,rarely,never,never,never,often,rarely,21:00:00,06:30:00,9.5000,"Demon Slayer: Kimetsu no Yaiba the Movie: Mugen Train",worse,urgent,neutral,veryoften,,,,,,,"people will hate me for how i look/ i will fail school","people will judge me for how i horseride","that i will acheive lots in school and outside school","not sure"
7,"Year 07",Waikato,Female,11,"Age 11","New Zealand",yes,no,no,no,no,no,no,no,British,1,4,3,yes,smart,blue,right,151,10.0,10.0,16.0,7.0,motor,10,1.4,40,0.504,91,1.2500,yes,yes,yes,no,yes,yes,no,yes,yes,yes,yes,yes,no,no,toomuch,toomuch,toomuch,never,rarely,never,sometimes,often,never,never,12:30:00,07:00:00,18.5000,"Your name.",aboutthesame,dontknow,neutral,sometimes,,,,,,,failing,"Phone getting taken off me","not sure",
9,"Year 09",Otago,Female,13,"Age 13","New Zealand",yes,no,no,no,no,no,no,no,,1,2,1,yes,smart,blue,right,168,20.0,20.0,,4.0,motor,8,8.0,65,2.404,40,0.7500,yes,no,no,no,yes,no,no,no,no,no,no,yes,no,no,aboutright,aboutright,toolittle,sometimes,rarely,sometimes,sometimes,sometimes,sometimes,rarely,22:00:00,07:00:00,9.0000,"Corpse Bride",worse,future,positive,veryoften,,,,,,,"not getting included","Getting my homework done on time","To continue to get good grades","How tall are you?"
8,"Year 08","Bay of Plenty",Male,12,"Age 12","New Zealand",no,yes,no,no,no,no,no,no,,3,0,5,no,n/a,brown,right,159,25.0,25.0,,2.9,bus,11,5.2,63,0.434,14,3.7500,yes,no,yes,no,yes,no,no,yes,yes,no,no,yes,yes,no,aboutright,aboutright,toomuch,rarely,sometimes,rarely,rarely,rarely,rarely,never,24:30:00,06:30:00,6.0000,Zootopia,aboutthesame,future,neutral,veryoften,,,,,,,nothing,"that scary man  in the bush","having back up","how has life been"
6,"Year 06","Bay of Plenty",Female,10,"Age 10","New Zealand",yes,no,no,no,no,no,no,no,,2,3,13,no,n/a,hazel,left,155,25.0,25.0,17.0,7.0,motor,4,4.2,97,0.591,4,2.5000,no,no,no,no,no,no,no,no,yes,yes,no,yes,no,no,aboutright,toolittle,aboutright,often,rarely,sometimes,often,rarely,rarely,often,21:30:00,06:00:00,8.5000,"Hotel Transylvania 3: Summer Vacation",aboutthesame,urgent,neutral,always,,,,,,,"That all my friends will be away","that i will get kidnapped","That I will know where all my classes are","whats your favorite sport and why"
11,"Year 11",Wellington,Male,15,"Age 15","New Zealand",yes,no,no,no,no,no,no,no,,1,0,5,no,n/a,green,right,178,25.0,25.0,16.0,9.0,walk,15,5.5,44,0.356,33,7.0000,yes,no,yes,no,no,yes,yes,yes,no,no,no,yes,no,no,toomuch,aboutright,toomuch,rarely,rarely,never,sometimes,often,sometimes,never,24:00:00,07:00:00,7.0000,"Dragon Ball Super: Broly",aboutthesame,urgent,negative,veryoften,18,16,18,16,18,0,NCEA,life,"Pass NCEA","how do you feel about ncea"
7,"Year 07",Waikato,Female,11,"Age 11","New Zealand",yes,no,no,no,no,no,no,no,,1,1,4,no,n/a,green,right,150,22.0,22.0,16.0,7.5,bus,45,3.0,43,0.593,42,1.2500,yes,no,no,no,no,no,no,no,no,no,no,yes,no,no,aboutright,toolittle,toolittle,sometimes,rarely,never,rarely,rarely,rarely,never,20:30:00,06:30:00,10.0000,"Peter Rabbit",better,urgent,neutral,veryoften,,,,,,,"To forget that we are having a day off school.","to get seriously injured, and have no one to help me.","To get into the A Team for netball.","What is your goal, What do you want to achieve?"
8,"Year 08",Wellington,Female,12,"Age 12","New Zealand",yes,no,no,no,no,no,no,no,,1,2,2,no,n/a,brown,right,146,20.0,,12.0,5.5,bus,40,4.0,40,0.442,36,2.0000,no,no,no,no,no,no,no,no,no,no,no,no,no,yes,aboutright,toolittle,toolittle,often,sometimes,rarely,rarely,never,rarely,never,22:00:00,07:00:00,9.0000,"Frozen II",aboutthesame,dontknow,neutral,sometimes,,,,,,,"failing all subjects and losing all my friends","losing friend and my parents splitting up","more friends and nice teachers",
10,"Year 10",Canterbury,Male,15,"Age 15","New Zealand",yes,no,no,no,no,no,no,no,,1,3,7,no,n/a,hazel,right,178,28.0,28.0,16.9,7.0,bike,5,6.5,48,0.471,43,7.2500,yes,yes,yes,yes,yes,yes,no,yes,no,yes,yes,yes,no,no,toomuch,toomuch,aboutright,often,rarely,rarely,often,often,sometimes,never,23:30:00,07:00:00,7.5000,"Bee Movie",worse,future,positive,always,,,,,,,maths,"How much i play video games","Do well in learning","Do you like monkies"
8,"Year 08",Auckland,Female,12,"Age 12",India,yes,no,no,no,no,no,no,no,,1,7,3,no,n/a,brown,right,163,18.0,18.0,23.5,,motor,15,3.0,38,0.519,51,4.2500,yes,no,yes,no,yes,yes,no,yes,no,no,no,yes,no,no,toomuch,toomuch,aboutright,,,,,,often,,23:30:00,07:00:00,7.5000,"Don't have one",worse,future,positive,veryoften,,,,,,,failing,failing,"being good in studies",
9,"Year 09",Wellington,Male,13,"Age 13","South Africa",no,no,no,no,no,no,no,no,"German, Scottish",2,1,5,no,n/a,green,right,178,28.2,28.4,,7.0,train,15,1.7,56,0.401,12,3.7500,yes,no,no,yes,yes,no,yes,no,no,no,no,yes,no,no,aboutright,aboutright,toolittle,often,rarely,never,sometimes,sometimes,rarely,never,23:30:00,05:30:00,6.0000,"Spider-Man: Into the Spider-Verse",better,urgent,verypositive,veryoften,,,,,,,"not passing","Getting Shot","I hope grand theft auto 6 comes out","Favourite tv show"
9,"Year 09",Auckland,Male,14,"Age 14","New Zealand",no,no,no,no,no,no,no,no,Cambodian,3,1,8,no,n/a,brown,right,156,23.0,23.0,17.0,7.5,motor,10,10.0,36,1.08,84,4.2500,yes,no,no,no,no,no,no,no,no,no,no,yes,no,no,aboutright,toolittle,toomuch,often,often,rarely,rarely,never,often,never,21:00:00,08:00:00,11.0000,"Don't have one",aboutthesame,urgent,neutral,always,,,,,,,"Getting all of the schoolwork done",COVID-19,"That we will be clear of Covid-19",
4,"Year 04",Manawatu-Wanganui,Male,8,"Age 08","New Zealand",yes,no,no,no,no,no,no,no,,5,10,0,no,n/a,brown,left,,21.0,21.0,,5.0,walk,5,1.0,63,0.465,61,6.7500,no,no,no,no,no,no,no,no,no,no,no,no,no,yes,toolittle,toolittle,toomuch,often,never,never,sometimes,sometimes,never,never,24:30:00,07:00:00,6.5000,"Captain Underpants: The First Epic Movie",muchworse,future,verypositive,sometimes,,,,,,,"moving my name","being killed","not moving my name",nothing
9,"Year 09",Wellington,Male,13,"Age 13","South Africa",yes,no,no,no,no,no,no,no,,1,2,1,no,n/a,brown,right,162,25.0,25.0,16.0,6.0,bus,24,,55,0.571,,3.7500,yes,no,no,no,no,no,no,no,no,no,no,yes,no,no,toomuch,toolittle,toomuch,rarely,never,never,rarely,rarely,never,never,20:30:00,07:30:00,11.0000,"Don't have one",aboutthesame,dontknow,neutral,rarely,,,,,,,"no worries",,,
11,"Year 11","Bay of Plenty",Male,16,"Age 16","New Zealand",no,yes,no,no,no,no,no,no,,2,0,3,no,n/a,grey,right,174,25.0,25.0,18.0,7.0,motor,25,4.4,88,0.316,198,3.2500,yes,yes,yes,yes,yes,yes,no,no,no,no,yes,yes,no,yes,toomuch,toomuch,aboutright,often,never,never,never,often,never,never,21:30:00,06:30:00,9.0000,Frozen,worse,urgent,neutral,veryoften,18,16,18,16,16,2,fail,rugby,"rugby teams",
7,"Year 07",Auckland,Female,11,"Age 11","New Zealand",yes,yes,no,no,no,no,no,no,,1,5,6,no,n/a,brown,right,152,21.0,21.0,16.0,6.0,walk,5,3.2,48,0.438,,,yes,no,yes,no,yes,yes,no,no,yes,no,no,yes,no,no,toomuch,toomuch,aboutright,sometimes,rarely,rarely,rarely,sometimes,often,never,23:00:00,07:00:00,8.0000,"Don't have one",worse,dontknow,neutral,sometimes,,,,,,,"presenting infornt of people","being judged in public","I'm not sure","""what emotion are you feeling right now"""
8,"Year 08",Auckland,Male,12,"Age 12","New Zealand",yes,no,no,no,no,no,no,no,,1,2,5,no,n/a,blue,right,150,22.6,22.5,16.5,6.0,motor,5,3.7,54,0.389,12,3.7500,yes,no,no,no,yes,no,no,yes,no,no,no,yes,no,no,aboutright,toomuch,aboutright,rarely,rarely,rarely,rarely,sometimes,sometimes,sometimes,21:30:00,07:30:00,10.0000,Shrek,better,urgent,negative,sometimes,,,,,,,nothing,nothing,"i dont know","i dont know"
3,"Year 03",Canterbury,Female,7,"Age 07","New Zealand",no,no,no,no,no,no,yes,no,,2,3,3,no,n/a,brown,right,130,22.0,22.0,,,walk,8,3.0,60,6.494,30,,no,no,no,no,no,no,no,no,yes,yes,no,yes,yes,no,toolittle,toolittle,toomuch,often,rarely,never,never,never,often,never,20:30:00,06:00:00,9.5000,"Frozen II",aboutthesame,notaproblem,positive,always,,,,,,,"Don't have one","Don't have one","eating candy","Don't know"
8,"Year 08",Auckland,Male,12,"Age 12",India,no,no,no,no,no,no,no,yes,,3,10,1,no,n/a,brown,left,162,18.0,18.0,10.0,10.0,walk,25,,77,1.411,5,3.5000,no,no,no,no,no,no,no,no,no,no,no,yes,no,no,toomuch,toolittle,toolittle,sometimes,never,never,never,often,never,never,23:30:00,07:30:00,8.0000,"Naruto Shippuden The Movie: Bonds",worse,urgent,verypositive,always,,,,,,,work,"rich challenge","a class","how much screen time"
8,"Year 08",Manawatu-Wanganui,Female,13,"Age 13","New Zealand",yes,yes,no,no,no,no,no,no,"Indonesian, German, Dutch, Scottish",3,9,5,no,n/a,hazel,right,165,,,,6.8,motor,20,0.4,35,0.47,90,,yes,no,yes,yes,yes,yes,yes,yes,yes,yes,yes,yes,yes,no,aboutright,toomuch,toomuch,rarely,rarely,rarely,sometimes,often,often,never,01:30:00,07:00:00,5.5000,"Don't have one",better,urgent,neutral,sometimes,,,,,,,"Judgement or Failing",parents,"To go to Holland.","How do you manage the stress when itâ€™s coursing through your mind?"
5,"Year 05","Bay of Plenty",Female,9,"Age 09","New Zealand",yes,no,no,no,no,no,no,no,,1,1,8,no,n/a,brown,right,131,22.0,22.0,,,motor,10,1.0,56,1.974,35,2.2500,no,no,no,no,no,no,no,no,yes,yes,no,yes,no,no,toolittle,toolittle,aboutright,sometimes,sometimes,rarely,rarely,sometimes,never,never,20:30:00,06:30:00,10.0000,"Don't have one",aboutthesame,notaproblem,positive,sometimes,,,,,,,buling,"getting hurt","I get to go places and see family and friends","what is your favourite animal"
7,"Year 07",Auckland,Female,11,"Age 11","New Zealand",no,yes,no,no,no,no,no,no,,2,5,1,no,n/a,brown,right,150,25.0,25.0,,6.0,motor,6,3.2,65,9.06,6,1.2500,no,no,yes,no,yes,no,no,no,no,no,no,no,no,no,aboutright,aboutright,toolittle,sometimes,sometimes,never,rarely,never,rarely,never,20:00:00,06:00:00,10.0000,"Don't have one",aboutthesame,future,neutral,sometimes,,,,,,,"not getting my work done",nothing,"to become a better person",nothing
10,"Year 10",Auckland,Agender,15,"Age 15","New Zealand",yes,no,no,no,no,no,no,no,,1,2,2,no,n/a,hazel,ambi,160,21.0,22.0,15.0,,bus,10,7.0,52,0.479,130,4.0000,yes,no,yes,no,yes,no,no,no,no,no,no,yes,no,no,aboutright,aboutright,aboutright,often,sometimes,rarely,rarely,often,rarely,rarely,21:30:00,07:00:00,9.5000,"Fantastic Mr. Fox",better,urgent,negative,rarely,,,,,,,"grades, and how much people seem to dislike me","i dont have many friends","find a good friend",
8,"Year 08",Auckland,Male,12,"Age 12","New Zealand",no,no,no,no,no,yes,no,no,,,3,4,no,n/a,brown,right,167,26.0,26.0,20.0,8.0,motor,10,0.8,64,0.862,164,4.0000,yes,no,yes,no,yes,no,no,no,no,no,yes,yes,no,no,aboutright,aboutright,toomuch,often,,,,,,,22:00:00,06:00:00,8.0000,"Toy Story",better,dontknow,positive,veryoften,,,,,,,"Getting work done",,"to do good in school","how do you feel about your neigbour hood"
8,"Year 08",Marlborough,Male,13,"Age 13","New Zealand",yes,yes,no,no,no,no,no,no,,1,,8,no,n/a,brown,right,162,26.0,26.0,18.0,7.0,motor,8,0.7,56,0.681,404,4.5000,yes,no,yes,no,yes,yes,no,yes,no,yes,no,yes,no,no,aboutright,aboutright,toomuch,rarely,sometimes,rarely,sometimes,often,sometimes,never,11:30:00,,,,muchbetter,future,neutral,sometimes,,,,,,,"getting expelled","getting hit by a car or truck","that i do good in school","Whats your favorite Anime"
10,"Year 10",Auckland,Female,14,"Age 14","New Zealand",no,no,no,no,no,no,yes,no,Malaysian,2,5,8,no,n/a,brown,right,163,24.0,24.0,15.4,6.5,bus,12,1.8,38,0.373,31,6.2500,yes,no,yes,yes,yes,yes,no,yes,yes,yes,no,yes,no,no,toomuch,toomuch,toomuch,rarely,rarely,rarely,sometimes,often,sometimes,rarely,02:30:00,06:30:00,4.0000,"The Lorax",better,urgent,verynegative,always,,,,,,,"i will fail","Getting yelled at","not failing and getting rich","are you failing school"
12,"Year 12",Canterbury,Male,17,"Age 17","New Zealand",yes,no,no,no,no,no,no,no,,1,2,3,no,n/a,brown,right,178,25.0,25.0,20.0,4.0,walk,5,0.7,54,44.109,34,2.5000,yes,yes,yes,no,yes,yes,no,no,no,no,no,yes,no,no,aboutright,aboutright,aboutright,sometimes,rarely,never,sometimes,sometimes,sometimes,never,22:30:00,07:30:00,9.0000,"Don't have one",better,future,neutral,sometimes,18,15,16,16,16,0,failing,,"being year 13","Don't know"
9,"Year 09",Auckland,Non-binary,14,"Age 14","Hong Kong",no,no,no,no,no,no,yes,no,,3,2,6,no,n/a,brown,right,153,23.0,23.0,15.0,7.0,walk,,7.1,77,0.479,40,,yes,no,yes,yes,yes,yes,yes,yes,yes,yes,no,yes,no,no,toomuch,toomuch,toomuch,never,never,never,often,sometimes,never,never,04:00:00,06:30:00,2.5000,"Don't have one",muchbetter,dontknow,verynegative,never,,,,,,,"being around people",living,nothing,
8,"Year 08",Marlborough,Female,13,"Age 13","New Zealand",yes,yes,no,no,no,no,no,no,"Papua New Guinean",1,5,13,no,n/a,brown,ambi,161,25.7,25.3,14.0,6.8,bus,10,1.6,38,0.471,49,0.0000,yes,no,no,no,yes,no,no,no,no,no,no,yes,no,no,aboutright,toolittle,toolittle,often,never,never,never,often,never,never,22:00:00,08:00:00,10.0000,"Don't have one",aboutthesame,urgent,neutral,always,,,,,,,"Tsunami and Earthquakes","Tsunami and Earthquakes","Go good in college","What favorite sport"
9,"Year 09","Bay of Plenty",Female,13,"Age 13",England,no,no,no,no,no,no,no,no,,1,1,4,no,n/a,brown,right,159,24.0,24.0,19.1,7.0,motor,30,3.1,54,0.875,7,4.0000,no,yes,yes,no,yes,yes,no,no,yes,no,no,yes,no,no,toomuch,aboutright,aboutright,sometimes,sometimes,rarely,sometimes,often,sometimes,never,21:30:00,07:00:00,9.5000,"Don't have one",muchworse,urgent,neutral,sometimes,,,,,,,"being madd fun of",idk,"to loss what","how do u fine the school work hard eyes verry hard ok"
10,"Year 10",Waikato,Male,15,"Age 15","New Zealand",no,no,no,no,no,no,no,yes,Kenyan,,,6,yes,smart,hazel,right,172,,,18.1,8.7,motor,20,8.6,45,0.709,28,7.0000,yes,yes,yes,no,yes,yes,no,yes,no,no,no,yes,no,no,toomuch,toomuch,toolittle,often,often,sometimes,often,often,often,rarely,02:00:00,05:00:00,3.0000,Aladdin,worse,future,verypositive,always,,,,,,,"that ill fail","lose my pals","to get in good classes","Are you in a relationship"
5,"Year 05",Wellington,Female,9,"Age 09","New Zealand",no,no,no,no,no,no,no,no,English,1,2,9,no,n/a,blue,ambi,181,19.5,19.5,15.0,6.0,walk,5,2.0,65,0.545,393,4.5000,no,no,no,no,no,no,no,no,yes,no,no,yes,no,no,toolittle,toolittle,toomuch,rarely,rarely,sometimes,sometimes,sometimes,sometimes,never,21:30:00,07:00:00,9.5000,"Don't have one",muchworse,urgent,verypositive,rarely,,,,,,,"losing all my friends",,"That no one will look at my drawings","Do you know sign laungege"
6,"Year 06","Bay of Plenty",Male,10,"Age 10","New Zealand",yes,no,no,no,no,no,no,no,,2,6,4,yes,digital,brown,right,100,20.0,21.0,,2.0,bus,5,2.0,44,0.418,122,1.2500,no,no,no,no,no,no,no,yes,yes,no,no,yes,yes,no,toolittle,toolittle,aboutright,often,sometimes,rarely,sometimes,often,rarely,never,20:00:00,06:00:00,10.0000,"Detective Pikachu",muchbetter,urgent,positive,sometimes,,,,,,,Friends,Camp,"Supercar shows","Should the crusaders change there name"
9,"Year 09",Canterbury,Male,13,"Age 13","New Zealand",yes,no,no,no,no,no,no,no,,1,8,6,no,n/a,brown,right,174,28.0,28.0,,4.0,bike,15,4.6,75,0.529,276,3.5000,yes,yes,yes,no,yes,yes,no,yes,no,yes,yes,yes,no,no,toomuch,toomuch,toomuch,sometimes,never,never,sometimes,often,sometimes,never,22:30:00,08:00:00,9.5000,"Star Wars: The Clone Wars",muchbetter,future,positive,veryoften,,,,,,,expelled,nothing,"better than this one",
7,"Year 07",Auckland,Female,12,"Age 12","New Zealand",yes,no,no,no,no,no,no,no,,1,1,2,no,n/a,blue,right,169,30.0,30.0,,,bus,45,4.0,27,0.428,56,1.5000,yes,no,no,no,no,no,no,no,no,no,no,no,no,yes,aboutright,aboutright,aboutright,sometimes,often,often,often,rarely,rarely,often,20:30:00,07:00:00,10.5000,"Star Wars: The Clone Wars",better,urgent,positive,veryoften,,,,,,,"that i will lose my friends","that I cost to much for my family to afford","To get the scholarship","what is your favourite flavour of ice cream"
8,"Year 08",Auckland,Female,12,"Age 12","New Zealand",yes,no,no,no,no,no,no,no,Lebanese,1,4,3,no,n/a,blue,right,156,22.0,22.0,14.0,6.0,motor,7,2.5,48,0.392,33,4.0000,yes,no,no,no,yes,yes,no,no,no,no,no,yes,no,no,toomuch,toomuch,toolittle,sometimes,sometimes,rarely,often,often,often,rarely,20:30:00,06:00:00,9.5000,Dumbo,aboutthesame,urgent,positive,veryoften,,,,,,,"Grades dropping","My health staying good","Being happy, healthy and doing well in school","How is your mental health?"
13,"Year 13",Wellington,Male,17,"Age 17","New Zealand",yes,yes,no,no,no,no,no,no,,1,3,4,no,n/a,blue,right,177,26.5,26.0,18.0,7.0,motor,5,7.0,35,0.832,24,2.5000,yes,yes,yes,no,no,yes,yes,no,no,no,no,yes,no,no,aboutright,aboutright,toolittle,never,never,never,never,sometimes,never,rarely,24:00:00,08:30:00,8.5000,"Don't have one",better,future,positive,veryoften,18,16,18,18,21,18,"not passing","car breaking down","do well in uni",
9,"Year 09",Canterbury,Male,13,"Age 13","New Zealand",yes,no,no,no,no,no,no,no,,,1,6,no,n/a,brown,left,176,27.7,27.7,17.1,6.2,bike,12,2.8,48,0.425,24,0.5000,no,no,no,no,no,no,no,no,yes,no,no,yes,no,no,,,toomuch,sometimes,rarely,rarely,often,rarely,sometimes,never,21:30:00,07:00:00,9.5000,"Don't have one",muchworse,urgent,neutral,veryoften,,,,,,,"Doing badly","Getting kick out of Air Cadets",nothing,"What is your opinion on the Prime Minister"
6,"Year 06","Hawkes Bay",Female,10,"Age 10","New Zealand",no,yes,no,no,no,no,no,no,,1,4,6,no,n/a,brown,ambi,137,23.1,22.1,14.0,6.0,scooter,2,2.1,82,0.666,47,4.5000,no,no,no,no,no,yes,no,no,yes,no,no,no,no,no,aboutright,toolittle,aboutright,rarely,sometimes,never,sometimes,rarely,rarely,rarely,20:30:00,06:30:00,10.0000,"Don't have one",aboutthesame,notaproblem,positive,sometimes,,,,,,,Bullying,kidnapping,"to have responsible roles in intermeadite","whats a goal you would like come ture"
10,"Year 10",Canterbury,Female,14,"Age 14",Ireland,yes,no,no,no,no,no,no,no,,1,2,2,no,n/a,blue,right,156,23.5,24.0,14.5,5.0,bus,50,6.0,46,0.442,42,4.2500,yes,yes,yes,no,yes,yes,no,no,yes,yes,yes,yes,no,no,toomuch,toomuch,toomuch,sometimes,rarely,never,rarely,often,often,never,23:30:00,06:30:00,7.0000,"The Princess and the Frog",muchbetter,urgent,positive,sometimes,,,,,,,"people bullying","seeing people i dont like","pass the year with merit","Do you feel comfortable at school?"
10,"Year 10",Waikato,Male,14,"Age 14",England,yes,no,no,no,no,no,no,no,,1,0,4,no,n/a,blue,right,186,30.0,30.0,19.4,7.4,bus,30,1.5,58,0.426,21,4.5000,yes,yes,no,no,yes,yes,no,no,no,no,no,yes,no,no,aboutright,aboutright,toolittle,sometimes,rarely,sometimes,rarely,often,often,rarely,22:30:00,07:00:00,8.5000,Cars,better,urgent,neutral,veryoften,,,,,,,,,"get my liecdense",
7,"Year 07",Waikato,Male,11,"Age 11","New Zealand",yes,no,no,no,no,no,no,no,,1,4,3,yes,digitalanalog,brown,right,150,25.0,25.0,16.0,7.0,motor,10,0.6,116,0.556,20,3.0000,no,no,no,no,no,no,no,no,no,no,no,no,no,yes,,,aboutright,often,sometimes,never,never,never,never,never,20:30:00,07:00:00,10.5000,"Don't have one",muchbetter,urgent,,always,,,,,,,nothing,"home work","no home work","do you like home work"
7,"Year 07",Auckland,Female,12,"Age 12","South Africa",no,no,no,no,no,no,no,no,"South African, Bangladeshi",1,5,9,no,n/a,brown,right,141,25.0,24.0,14.0,5.5,walk,16,3.0,63,0.502,19,3.5000,yes,no,yes,no,yes,no,no,no,yes,yes,yes,yes,no,no,toomuch,aboutright,aboutright,sometimes,never,never,sometimes,often,sometimes,never,21:30:00,07:00:00,9.5000,"Howl's Moving Castle",muchbetter,notaproblem,positive,veryoften,,,,,,,"not being popular",,"That I'll have lots of friends and become class counsellor.","Are you better academically or physically?"
8,"Year 08",Marlborough,Male,12,"Age 12","New Zealand",yes,no,no,no,no,no,no,no,,2,0,3,yes,digital,brown,right,153,24.0,23.0,13.5,5.0,bus,35,9.0,57,0.455,225,2.0000,yes,no,no,no,yes,yes,no,no,no,no,no,yes,no,no,aboutright,aboutright,toolittle,often,sometimes,often,rarely,sometimes,sometimes,never,21:00:00,07:00:00,10.0000,"Space Jam: A New Legacy",muchworse,urgent,positive,sometimes,,,,,,,"being exclueded","not saying","getting good at skateboarding.",
7,"Year 07",Northland,Male,11,"Age 11","New Zealand",yes,no,no,no,no,no,no,no,,1,1,10,no,n/a,blue,,153,24.0,24.0,17.0,,bus,30,1.5,71,,11,2.5000,yes,no,no,no,no,no,no,no,no,no,no,no,no,no,toolittle,aboutright,aboutright,often,rarely,never,rarely,never,never,never,21:00:00,06:30:00,9.5000,"Don't have one",muchworse,notaproblem,positive,veryoften,,,,,,,"no worry","no worry","to be smarter","do you like school?"
9,"Year 09",Canterbury,Male,14,"Age 14","New Zealand",yes,no,no,no,no,no,no,no,"Irish, Scottish, Danish",1,12,3,no,n/a,hazel,ambi,170,26.0,25.0,,,scooter,9,3.4,51,3.186,69,4.7500,yes,yes,yes,yes,yes,yes,yes,yes,yes,yes,yes,yes,yes,no,aboutright,toolittle,toomuch,rarely,never,rarely,sometimes,often,often,often,22:00:00,03:00:00,5.0000,"Puss in Boots",muchbetter,future,neutral,rarely,,,,,,,Bully,people,"less bad interactions","what is your favorite video game"
5,"Year 05",Auckland,Female,9,"Age 09","New Zealand",no,no,no,no,no,no,no,no,Filipino,1,3,8,no,n/a,brown,right,128,20.0,20.0,15.0,5.0,motor,1,2.5,70,0.514,13,3.5000,no,no,no,no,no,no,no,no,yes,no,no,yes,no,no,toomuch,,aboutright,sometimes,rarely,often,rarely,sometimes,sometimes,sometimes,21:30:00,07:30:00,10.0000,"PokÃ©mon the Movie: I Choose You!",muchbetter,dontknow,positive,always,,,,,,,"people being mean and bullying me","kidnnaped or fire and people bracking in","to get a phone and covid 19 can go away","if you had powers what whould it be?"
10,"Year 10",Waikato,Male,14,"Age 14","New Zealand",yes,no,no,no,no,no,no,no,,1,0,5,no,n/a,blue,left,179,26.0,26.0,16.5,6.6,bus,5,5.0,45,0.408,29,3.0000,no,no,no,no,no,no,no,yes,no,yes,no,yes,no,no,toolittle,aboutright,toomuch,often,sometimes,rarely,rarely,often,rarely,never,21:30:00,07:30:00,10.0000,"Don't have one",worse,urgent,neutral,veryoften,,,,,,,"Disruptive students, Students not doing what they are supposed to do on chrome-books",,"Not having to study Te reo and Woodwork","What is your favorite song/type of music?"
10,"Year 10",Auckland,Male,15,"Age 15","New Zealand",yes,no,no,no,no,no,no,no,,1,2,0,no,n/a,brown,right,162,24.0,25.0,,5.5,motor,8,4.1,62,0.432,70,8.0000,yes,no,no,no,no,no,yes,yes,no,no,no,yes,yes,no,aboutright,aboutright,toomuch,never,rarely,never,sometimes,never,never,never,01:30:00,08:00:00,6.5000,"Don't have one",worse,urgent,verynegative,rarely,,,,,,,loneliness,"Guilt, loneliness, depression, anxiety, grief, mental illnesses, others wellbeing","To see an old friend again",
9,"Year 09",Waikato,Male,14,"Age 14","New Zealand",yes,no,no,no,no,no,no,no,,1,0,4,yes,digital,green,right,172,27.5,26.5,16.9,5.3,bus,40,6.3,43,0.394,25,0.5000,no,no,no,no,no,no,no,no,no,yes,no,no,no,no,aboutright,aboutright,aboutright,rarely,sometimes,sometimes,never,never,sometimes,never,21:00:00,08:30:00,11.5000,"The Lion King",muchworse,future,negative,veryoften,,,,,,,"not having friends who care",,nothing,"what do you do after school"
12,"Year 12",Auckland,Female,16,"Age 16","New Zealand",no,no,no,no,no,no,no,yes,,2,2,2,yes,smart,brown,right,157,23.5,23.5,15.5,6.0,motor,50,6.5,39,1.432,514,0.7500,yes,yes,yes,no,no,no,no,no,no,no,no,yes,no,no,aboutright,toolittle,toolittle,never,never,never,never,never,rarely,never,21:30:00,05:00:00,7.5000,"Don't have one",worse,urgent,verypositive,always,21,16,18,19,19,,failing,,"To pass every subject","How have you been feeling for the past few days"
9,"Year 09",Manawatu-Wanganui,Male,13,"Age 13","New Zealand",yes,no,no,no,no,no,no,no,,1,2,2,no,n/a,hazel,right,174,26.9,27.3,19.1,6.0,motor,5,3.6,39,0.369,29,0.5000,no,no,no,no,no,no,no,yes,yes,yes,no,yes,no,no,toolittle,toolittle,aboutright,rarely,sometimes,sometimes,never,rarely,sometimes,never,21:30:00,06:30:00,9.0000,"The Mitchells vs. the Machines",aboutthesame,urgent,positive,veryoften,,,,,,,grades,nothing,,"Whats your favorite NON-ANIMATED movie"
9,"Year 09",Canterbury,she/them,13,"Age 13",Australia,no,yes,no,no,no,no,no,no,,1,3,2,no,n/a,green,right,161,,,14.0,4.0,bike,10,6.0,88,88.939,29,6.2500,yes,no,yes,no,yes,yes,no,yes,no,no,no,yes,no,no,toomuch,toomuch,aboutright,rarely,sometimes,never,sometimes,often,rarely,never,02:30:00,07:30:00,5.0000,"Don't have one",worse,future,verynegative,veryoften,,,,,,,"peolpe and grades",parents,dead,"Are you ok?"
7,"Year 07",Auckland,Male,11,"Age 11","New Zealand",yes,no,no,no,no,no,no,no,,1,0,8,no,n/a,brown,left,151,25.0,25.0,,,motor,30,4.1,49,0.565,27,1.7500,yes,no,no,no,no,no,no,no,no,no,yes,no,no,no,aboutright,toolittle,toomuch,sometimes,never,never,never,never,never,never,22:30:00,06:00:00,7.5000,"Don't have one",worse,future,positive,veryoften,,,,,,,,,,
